Ortografia Antiga	Ortografia Nova
abrotanóide	abrotanoide
abutilóide	abutiloide
acantóide	acantoide
acantozóide	acantozoide
acaróide	acaroide
acha-de-armas	acha de armas
açotéia	açoteia
acroléico	acroleico
actéia	acteia
actinóide	actinoide
açúcar-de-madeira	açúcar de madeira
acutibóia	acutiboia
acutimbóia	acutimboia
adenóide	adenoide
aeróide	aeroide
aftóide	aftoide
agatéia	agateia
agatóide	agatoide
agéia	ageia
agnostozóico	agnostozoico
água-de-força	água de força
água-de-lume	água de lume
água-de-mesa	água de mesa
água-de-végeto	água de végeto
agüentador	aguentador
agüista	aguista
aiúba	aiuba
ajudante-de-campo	ajudante de campo
ajudante-de-ordens	ajudante de ordens
alantóide	alantoide
albóio	alboio
albuminóide	albuminoide
alcaguete, alcagüete	alcaguete
alcalino-gasoso	alcalinogasoso
alcalinoterroso	alcalinoterroso
alcalóide	alcaloide
alcatéia	alcateia
aléia	aleia
alféia	alfeia
alfinete-de-ama	alfinete de ama
algodão-das-laranjeiras	algodão das laranjeiras
algodão-das-oliveiras	algodão das oliveiras
algodão-de-vidro	algodão de vidro
algodão-em-rama	algodão em rama
algóide	algoide
aliluréia	alilureia
alisfenóide	alisfenoide
alma-do-padeiro	alma do padeiro
almécega-do-brasil	almécega do brasil
almorróida	almorroida
alocróico	alocroico
altéia	alteia
altiloqüência	altiloquência
altiloqüente	altiloquente
ama-de-leite	ama de leite
amaltéia	amalteia
ambigüidade	ambiguidade
ambigüifloro	ambiguifloro
amebóide	ameboide
amebóides	ameboides
amenorréia	amenorreia
amenorréico	amenorreico
amiantóide	amiantoide
amibóide	amiboide
amibóides	amiboides
amigo-da-onça	amigo da onça
amilóide	amiloide
amixorréia	amixorreia
amniorréia	amniorreia
amniorréico	amniorreico
amonóide	amonoide
amonóides	amonoides
amoréia	amoreia
anapnóico	anapnoico
anarcossindicalista	anarcossindicalista
anarréia	anarreia
anarréico	anarreico
ancilóide	anciloide
anciróide	anciroide
andracnéia	andracneia
andréia	andreia
andrenóide	andrenoide
androginóide	androginoide
andróide	androide
anecóico	anecoico
anepiplóico	anepiploico
aneróide	aneroide
aneuplóide	aneuploide
anfibolóide	anfiboloide
angu-de-caroço	angu de caroço
anguilóide	anguiloide
angüicida	anguicida
angüicomado	anguicomado
angüídeo	anguídeo
angüiforme	anguiforme
angüígena	anguígena
angüilária	anguilária
angüiliforme	anguiliforme
angüilulado	anguilulado
angüina	anguina
angüinha	anguinha
angüissáurio	anguissáurio
angüite	anguite
angüivípera	anguivípera
anjo-da-guarda	anjo da guarda
anoléico	anoleico
anteróide	anteroide
anterozóide	anterozoide
antestréia	antestreia
anti-heróico	anti-heroico
anti-rábico	antirrábico
anti-racional	antirracional
anti-racionalismo	antirracionalismo
anti-racionalista	antirracionalista
anti-racismo	antirracismo
anti-racista	antirracista
anti-raquítico	antirraquítico
anti-real	antirreal
anti-realismo	antirrealismo
anti-realista	antirrealista
anti-reflexo	antirreflexo
anti-reformismo	antirreformismo
anti-reformista	antirreformista
anti-regiões	antirregiões
anti-regionalista	antirregionalista
anti-regionalização	antirregionalização
anti-regulamentar	antirregulamentar
anti-religioso	antirreligioso
anti-republicana	antirrepublicana
anti-republicanismo	antirrepublicanismo
anti-republicano	antirrepublicano
anti-ressonância	antirressonância
anti-reumático	antirreumático
anti-reumatismal	antirreumatismal
anti-revisionismo	antirrevisionismo
anti-revisionista	antirrevisionista
anti-revolução	antirrevolução
anti-revolucionária	antirrevolucionária
anti-revolucionário	antirrevolucionário
anti-roubo	antirroubo
anti-rugas	antirrugas
anti-salazarista	antissalazarista
anti-sátira	antissátira
anti-semita	antissemita
anti-semítico	antissemítico
anti-semitismo	antissemitismo
anti-sepsia	antissepsia
anti-sepsiador	antissepsiador
anti-sepsiar	antissepsiar
anti-séptico	antisséptico
anti-sezonático	antissezonático
anti-sialagogo	antissialagogo
anti-siálico	antissiálico
anti-sida	antissida
anti-sifilítico	antissifilítico
anti-sigma	antissigma
anti-simbólico	antissimbólico
anti-sinodal	antissinodal
anti-sísmico	antissísmico
anti-sistema	antissistema
anti-social	antissocial
anti-socialismo	antissocialismo
anti-socialista	antissocialista
anti-sociável	antissociável
anti-sofista	antissofista
anti-soro	antissoro
anti-soviético	antissoviético
anti-submarino	antissubmarino
anti-subversão	antissubversão
anti-sudoral	antissudoral
anti-sudorífico	antissudorífico
antidiarréico	antidiarreico
antidispnéico	antidispneico
antigüidade	antiguidade
antiiberismo	anti-iberismo
antiiberista	anti-iberista
antiictérico,antiitérico	anti-ictérico, anti-itérico
antiimigração	anti-imigração
antiimperialismo	anti-imperialismo
antiimperialista	anti-imperialista
antiincêndio	anti-incêndio
antiindonésio	anti-indonésio
antiindustrial	anti-industrial
antiinfalibilismo	anti-infalibilismo
antiinflacionista	anti-inflacionista
antiinflamatório	anti-inflamatório
antiiraquiano	anti-iraquiano
antiislâmico	anti-islâmico
antiisomorfismo	anti-isomorfismo
antiisraelita	anti-israelita
antracóide	antracoide
antropóide	antropoide
antropozóico	antropozoico
apnéia	apneia
apnéico	apneico
aporréia	aporreia
apuléia	apuleia
aquéia	aqueia
aquiléia	aquileia
aquiléico	aquileico
aqüense	aquense
aqüicaldense	aquicaldense
aqüícola	aquícola
aqüicultor	aquicultor
aqüicultura	aquicultura
aqüífero	aquífero
aqüifoliácea	aquifoliácea
aqüifólio	aquifólio
aqüilégia	aquilégia
aqüilégio	aquilégio
aqüíparo	aquíparo
aqüista	aquista
arabóia	araboia
aracnóide	aracnoide
araçóia	araçoia
araméia	arameia
ararabóia	araraboia
ararambóia	araramboia
arazóia	arazoia
arco-da-aliança	arco da aliança
arco-da-chuva	arco da chuva
arco-de-deus	arco de Deus
arcorréia	arcorreia
arcorréico	arcorreico
aréia	areia
argilóide	argiloide
argüente	arguente
argüição	arguição
argüido	arguido
argüidor	arguidor
argüir	arguir
argüitivo	arguitivo
aritenóide	aritenoide
arqueozóico	arqueozoico
arqueozóico	arqueozoico
arqui-rabino	arquirrabino
arqui-rival	arquirrival
arqui-rivalidade	arquirrivalidade
arqui-sacerdote	arquissacerdote
arqui-são	arquissão
arqui-sátrapa	arquissátrapa
arqui-secular	arquissecular
arqui-senescal	arquissenescal
arqui-sinagoga	arquissinagoga
arqui-sistro	arquissistro
arqui-sofista	arquissofista
arquiinimigo	arqui-inimigo
arquiirmandade	arqui-irmandade
arréico	arreico
arrotéia	arroteia
arroz-de-cuxá	arroz de cuxá
arruda-dos-muros	arruda dos muros
árvore-da-vida	árvore da vida
asbestóide	asbestoide
asplenióide	asplenioide
assembléia	assembleia
assembléia-do-diabo	assembleia-do-diabo
assembléia-geral	assembleia-geral
astartéia	astarteia
asteróide	asteroide
astidaméia	astidameia
astragalóide	astragaloide
astrapéia	astrapeia
astréia	astreia
astróide	astroide
ataléia	ataleia
atéia	ateia
atlóide	atloide
atrôo	atroo
auto-abastecer	autoabastecer
auto-acusação	autoacusação
auto-adesivo	autoadesivo
auto-administração	autoadministração
auto-administrar	autoadministrar
auto-administrável	autoadministrável
auto-admiração	autoadmiração
auto-ajuda	autoajuda
auto-análise	autoanálise
auto-aplicável	autoaplicável
auto-avaliação	autoavaliação
auto-de-fé	auto de fé
auto-educação	autoeducação
auto-educativo	autoeducativo
auto-elogio	autoelogio
auto-emprego	autoemprego
auto-endireitável	autoendireitável
auto-escada	autoescada
auto-escola	autoescola
auto-estima	autoestima
auto-estrada	autoestrada
auto-excitação	autoexcitação
auto-excitar	autoexcitar
auto-excluir	autoexcluir
auto-executável	autoexecutável
auto-imagem	autoimagem
auto-imposição	autoimposição
auto-imposto	autoimposto
auto-imune	autoimune
auto-imunidade	autoimunidade
auto-imunização	autoimunização
auto-inculpação	autoinculpação
auto-indução	autoindução
auto-indulgência	autoindulgência
auto-indulgente	autoindulgente
auto-intitulado	autointitulado
auto-intoxicação	autointoxicação
auto-rádio	autorrádio
auto-radiografia	autorradiografia
auto-radiográfico	autorradiográfico
auto-referencial	autorreferencial
auto-reflexão	autorreflexão
auto-regulação	autorregulação
auto-regulador	autorregulador
auto-retrato	autorretrato
auto-satisfação	autossatisfação
auto-serviço	autosserviço
auto-suficiência	autossuficiência
auto-suficiente	autossuficiente
auto-sugestão	autossugestão
auto-sugestionar	autossugestionar
auto-sugestionável	autossugestionável
auto-suspender	autossuspender
auto-suspenso	autossuspenso
auto-sustentável	autossustentável
axifóide	axifoide
axóide	axoide
azeite-de-cheiro	azeite de cheiro
azeite-de-pau	azeite de pau
azóico	azoico
azotorréico	azotorreico
azulóio	azuloio
baba-de-camelo	baba de camelo
baba-de-moça	baba de moça
bairro-de-lata	bairro de lata
baiúca	baiuca
balanóide	balanoide
balanorréico	balanorreico
balão-de-ensaio	balão de ensaio
balsaméia	balsameia
bálsamo-do-canadá	bálsamo do Canadá
bálsamo-tranqüilo	bálsamo-tranquilo
balsamóide	balsamoide
banabóia	banaboia
bangüezeiro	banguezeiro
barba-de-baleia	barba de baleia
barca-de-ouro	barca de ouro
barriga-de-bicho	barriga de bicho
barriga-de-freira	barriga de freira
basiopinacóide	basiopinacoide
basipinacóide	basipinacoide
batracóide	batracoide
beijo-de-moça	beijo de moça
belemnóide	belemnoide
belonóide	belonoide
benzóico	benzoico
beróide	beroide
betóia	betoia
bibliorréia	bibliorreia
bibliorréico	bibliorreico
bicha-de-rabear	bicha de rabear
bicha-de-sete-cabeças	bicha de sete cabeças
bicho-de-sete-cabeças	bicho de sete cabeças
bicho-do-buraco	bicho do buraco
bicho-do-mato	bicho do mato
bicho-do-ouvido	bicho do ouvido
bico-de-gás	bico de gás
bico-de-gavião	bico de gavião
bico-de-mocho	bico de mocho
bico-de-obra	bico de obra
bico-de-pato	bico de pato
bife-de-caneca	bife de caneca
bilhete-de-identidade	bilhete de identidade
bilhete-de-visita	bilhete de visita
bilíngüe	bilíngue
bilingüismo	bilinguismo
biocolóide	biocoloide
bioflavonóide	bioflavonoide
bissóide	bissoide
biungüiculado	biunguiculado
blastóides	blastoides
blenorréia	blenorreia
blenorréico	blenorreico
boca-de-favas	boca de favas
boca-de-fogo	boca de fogo
boca-de-incêndio	boca de incêndio
boca-de-sino	boca de sino
boca-de-siri	boca de siri
bóia	boia
bóia-fria	boia-fria
boioçubóia	boioçuboia
boiúna	boiuna
boiúno	boiuno
bola-ao-cesto	bola ao cesto
boléia	boleia
bom-de-bico	bom de bico
bota-de-elástico	bota de elástico
botrióide	botrioide
braço-de-armas	braço de armas
braço-de-ferro	braço de ferro
bradipnéia	bradipneia
bradipnéico	bradipneico
branco-de-baleia	branco de baleia
braquióide	braquioide
braquipinacóide	braquipinacoide
braquipnéia	braquipneia
braquipnéico	braquipneico
brevilíngüe	brevilíngue
broncorréia	broncorreia
broncorréico	broncorreico
bubonóide	bubonoide
cabeça-de-abóbora	cabeça de abóbora
cabeça-de-alho-chocho	cabeça de alho chocho
cabeça-de-asno	cabeça de asno
cabeça-de-avelã	cabeça de avelã
cabeça-de-burro	cabeça de burro
cabeça-de-carneiro	cabeça de carneiro
cabeça-de-cartaz	cabeça de cartaz
cabeça-de-casal	cabeça de casal
cabeça-de-cavalo	cabeça de cavalo
cabeça-de-lista	cabeça de lista
cabeça-de-motim	cabeça de motim
cabeça-de-pau	cabeça de pau
cabeça-de-ponte	cabeça de ponte
cabeça-de-porco	cabeça de porco
cabeça-de-secção	cabeça de secção
cabeça-de-série	cabeça de série
cabeça-de-tremoço	cabeça de tremoço
cabeça-de-turco	cabeça de turco
cabeça-de-vento	cabeça de vento
cabeça-no-ar	cabeça no ar
cabo-de-esquadra	cabo de esquadra
cabo-de-guerra	cabo de guerra
cacabóia	cacaboia
cactóide	cactoide
caféico	cafeico
caixa-de-ar	caixa de ar
caixa-de-música	caixa de música
caixa-de-óculos	caixa de óculos
caixa-de-ressonância	caixa de ressonância
caixa-de-rufo	caixa de rufo
caixa-dos-pirolitos	caixa dos pirolitos
calamóide	calamoide
calcóide	calcoide
caldéia	caldeia
câmara-de-ar	câmara de ar
caméia	cameia
caminho-de-ferro	caminho de ferro
camisa-de-força	camisa de força
camisa-de-forças	camisa de forças
camisa-de-onze-varas	camisa de onze varas
camisa-de-vênus	camisa de Vênus
camisa-do-pano	camisa do pano
cana-de-roca	cana de roca
canal-da-areia	canal da areia
cananéia	cananeia
cancróide	cancroide
canforóide	canforoide
canto-de-cisne	canto de cisne
canto-do-cisne	canto do cisne
capa-de-chuva	capa de chuva
capitão-de-bandeira	capitão de bandeira
capitão-de-corveta	capitão de corveta
capitão-de-fragata	capitão de fragata
capitão-de-mar-e-guerra	capitão de mar e guerra
capróico	caproico
cara-de-pau	cara de pau
carcinóide	carcinoide
cardióide	cardioide
carne-de-sol	carne de sol
carotenóide	carotenoide
carréia	carreia
carreira-de-tiro	carreira de tiro
carta-de-prego	carta de prego
cartão-de-visita	cartão de visita
casca-de-noz	casca de noz
catangüera	catanguera
catenóide	catenoide
catesbéia	catesbeia
cavalo-de-batalha	cavalo de batalha
cavalo-de-frisa	cavalo de frisa
cavalo-do-cão	cavalo do cão
cefaléia	cefaleia
cefalóide	cefaloide
celidéia	celideia
celulóide	celuloide
Cenozóico	Cenozoico
centilíngüe	centilíngue
centopéia	centopeia
centro-de-mesa	centro de mesa
ceratóide	ceratoide
cerebróide	cerebroide
ceróide	ceroide
cestóide	cestoide
céu-da-boca	céu da boca
chacóina	chacoina
changüi	changui
chapéu-de-chuva	chapéu de chuva
chapéu-de-sol	chapéu de sol
chefe-de-fila	chefe de fila
chirimóia	chirimoia
ciamóide	ciamoide
cianóide	cianoide
ciatóide	ciatoide
cibéia	cibeia
ciclóide	cicloide
cicnóide	cicnoide
cilindróide	cilindroide
cinqüenta	cinquenta
cinqüentão	cinquentão
cinqüentavo	cinquentavo
cinqüentenário	cinquentenário
circéia	circeia
cirenéia	cireneia
cirróide	cirroide
cirsóide	cirsoide
cissóide	cissoide
cisticercóide	cisticercoide
cistiocercóide	cistiocercoide
cistióide	cistioide
cistóide	cistoide
cistorréia	cistiorreia
cistorréia	cistorreia
citóide	citoide
clarabóia	claraboia
clinóide	clinoide
clinopinacóide	clinopinacoide
co-acusado	coacusado
co-administração	coadministração
co-administrador	coadministrador
co-administradora	coadministradora
co-administrar	coadministrar
co-aluno	coaluno
co-apóstolo	coapóstolo
co-argüida	coarguida
co-argüido	coarguido
co-arrendador	coarrendador
co-arrendamento	coarrendamento
co-arrendar	coarrendar
co-arrendatária	coarrendatária
co-arrendatário	coarrendatário
co-associado	coassociado
co-autor	coautor
co-autora	coautora
co-autoria	coautoria
co-credor	cocredor
co-credora	cocredora
co-criador	cocriador
co-criadora	cocriadora
co-delinqüência	codelinquência
co-delinqüente	codelinquente
co-delinqüir	codelinquir
co-demandante	codemandante
co-demandista	codemandista
co-descobridor	codescobridor
co-detentor	codetentor
co-devedor	codevedor
co-devedora	codevedora
co-dialecto, co-dialeto	codialeto, codialecto
co-direção	codireção
co-directora	codiretora
co-diretor	codiretor
co-dirigir	codirigir
co-dominância	codominância
co-dominante	codominante
co-donatário	codonatário
co-editar	coeditar
co-eleitor	coeleitor
co-eremita	coeremita
co-esposa	coesposa
co-esposo	coesposo
co-eternidade	coeternidade
co-eterno	coeterno
co-evangelista	coevangelista
co-fator, co-factor	cofator, cofactor
co-fiador	cofiador
co-fiadora	cofiadora
co-financiado	cofinanciado
co-financiador	cofinanciador
co-financiadora	cofinanciadora
co-financiamento	cofinanciamento
co-financiar	cofinanciar
co-fundador	cofundador
co-gerência	cogerência
co-gerente	cogerente
co-gerir	cogerir
co-gestão	cogestão
co-igual	coigual
co-incineração	coincineração
co-incineradora	coincineradora
co-incinerar	coincinerar
co-inquilino	coinquilino
co-interessado	cointeressado
co-latitude	colatitude
co-legado	colegado
co-legatária	colegatária
co-legatário	colegatário
co-legislativo	colegislativo
co-leitor	coleitor
co-licitante	colicitante
co-litigação	colitigação
co-litigante	colitigante
co-litigar	colitigar
co-logaritmo	cologaritmo
co-mediador	comediador
co-obrigado	coobrigado
co-obrigar	coobrigar
co-parceiro	coparceiro
co-participação	coparticipação
co-participante	coparticipante
co-participar	coparticipar
co-patrocinador	copatrocinador
co-piloto	copiloto
co-presidência	copresidência
co-presidente	copresidente
co-principado	coprincipado
co-príncipe	copríncipe
co-procurador	coprocurador
co-produção	coprodução
co-produtor	coprodutor
co-produtora	coprodutora
co-produzir	coproduzir
co-propriedade	copropriedade
co-proprietária	coproprietária
co-proprietário	coproprietário
co-protetor	coprotetor
co-ré	corré
co-redator	corredator
co-redenção	corredenção
co-redentor	corredentor
co-referência	correferência
co-referente	correferente
co-regência	corregência
co-responsabilidade	corresponsabilidade
co-responsabilização	corresponsabilização
co-responsabilizar	corresponsabilizar
co-responsável	corresponsável
co-réu	corréu
co-secante	cossecante
co-seno	cosseno
co-signatária	cossignatária
co-signatário	cossignatário
co-tangente	cotangente
co-texto	cotexto
co-tutela	cotutela
co-tutor	cotutor
co-tutora	cotutora
co-utente	coutente
co-variante	covariante
co-vendedor	covendedor
co-vidente	covidente
coanóide	coanoide
cóia	coia
cóio	coio
colete-de-forças	colete de forças
colmeia, colméia	colmeia
colóide	coloide
colorréico	colorreico
combóia	comboia
comboio, combóio	comboio
comida-de-urso	comida de urso
conchóide	conchoide
concóide	concoide
condilóide	condiloide
condróide	condroide
conóide	conoide
conquilióide	conquilioide
consangüíneo	consanguíneo
consangüinidade	consanguinidade
conseqüência	consequência
conseqüencial	consequencial
conseqüente	consequente
conseqüentemente	consequentemente
contigüidade	contiguidade
conto-da-carochinha	conto da carochinha
conto-do-vigário	conto do vigário
contra-assembléia	contra-assembleia
contra-édito	contraédito
contra-emboscada	contraemboscada
contra-emergentes	contraemergentes
contra-erva	contraerva
contra-escarpa	contraescarpa
contra-escritura	contraescritura
contra-espionagem	contraespionagem
contra-estai	contraestai
contra-estais	contraestais
contra-estimulação	contraestimulação
contra-estimulação	contraestimulação
contra-estimulante	contraestimulante
contra-estimular	contraestimular
contra-estimulismo	contraestimulismo
contra-estimulista	contraestimulista
contra-estímulo	contraestímulo
contra-indicação	contraindicação
contra-indicação	contraindicação
contra-indicado	contraindicado
contra-indicar	contraindicar
contra-informação	contrainformação
contra-informar	contrainformar
contra-interpelação	contrainterpelação
contra-interrogatório	contrainterrogatório
contra-ofensiva	contraofensiva
contra-oferta	contraoferta
contra-oitava	contraoitava
contra-ordem	contraordem
contra-ordenação	contraordenação
contra-ordenacional	contraordenacional
contra-ordenar	contraordenar
contra-rampa	contrarrampa
contra-rancho	contrarrancho
contra-rapante	contrarrapante
contra-rapantes	contrarrapantes
contra-regra	contrarregra
contra-regulador	contrarregulador
contra-relógio	contrarrelógio
contra-reparo	contrarreparo
contra-réplica	contrarréplica
contra-repto	contrarrepto
contra-resposta	contrarresposta
contra-retábulo	contrarretábulo
contra-revolta	contrarrevolta
contra-revolução	contrarrevolução
contra-revolucionar	contrarrevolucionar
contra-revolucionária	contrarrevolucionária
contra-revolucionário	contrarrevolucionário
contra-roda	contrarroda
contra-rotura	contrarrotura
contra-ruptura	contrarruptura
contra-safra	contrassafra
contra-seguro	contrasseguro
contra-selar	contrasselar
contra-selo	contrasselo
contra-senha	contrassenha
contra-senso	contrassenso
contra-significação	contrassignificação
contra-sinal	contrassinal
contra-sujeito	contrassujeito
contraescota	contraescota
contranatura	contranatura
convolvulóide	convolvuloide
coqueluchóide	coqueluchoide
cor-de-laranja	cor de laranja
cor-de-vinho	cor de vinho
coracóide	coracoide
coralóide	coraloide
coréia	coreia
coréico	coreico
corióide	corioide
coróide	coroide
coroidéia	coroideia
coronóide	coronoide
corpo-a-corpo	corpo a corpo
corregente	corregente
corticóide	corticoide
corticosteróide	corticosteroide
corvéia	corveia
cotilóide	cotiloide
couve-de-sabóia	couve-de-saboia
cova-do-ladrão	cova do ladrão
cranióide	cranioide
craniorréico	craniorreico
cravagem-do-centeio	cravagem do centeio
cretinóide	cretinoide
cricóide	cricoide
crinóide	crinoide
crioceróide	crioceroide
criptozóico	criptozoico
crisopéia	crisopeia
cristalóide	cristaloide
criticóide	criticoide
cróia	croia
crotalóide	crotaloide
ctenóide	ctenoide
cubóide	cuboide
cuiúba	cuiuba
cujubibóia	cujubiboia
cum-qüíbus	cum-quíbus
curral-de-trapiche	curral de trapiche
cururubóia	cururuboia
dacrioblenorréia	dacrioblenorreia
dacrióide	dacrioide
dacriorréia	dacriorreia
dacriorréico	dacriorreico
dactilóide	dactiloide
dactilozóide,datilozóide	dactilozoide, datilozoide
dança-de-são-vito	dança de São Vito
déia	deia
delfinóide	delfinoide
delinqüência	delinquência
delinqüencial	delinquencial
delinqüente	delinquente
delinqüir	delinquir
deliqüescência	deliquescência
deliqüescente	deliquescente
deliqüescer	deliquescer
deltóide	deltoide
dendróide	dendroide
dente-de-coelho	dente de coelho
dentes-de-lobo	dentes de lobo
dentes-de-serra	dentes de serra
dermatóide	dermatoide
dermatorréico	dermatorreico
dermóide	dermoide
desenjôo	desenjoo
desensangüentar	desensanguentar
desfreqüentado	desfrequentado
desfreqüentar	desfrequentar
desmilingüido	desmilinguido
desmóide	desmoide
desoxirribonucleico, desoxirribonucléico	desoxirribonucleico
dia-a-dia	dia a dia
diamantóide	diamantoide
diapnéia	diapneia
diapnóico	diapnoico
diarréia	diarreia
diarréico	diarreico
dicróico	dicroico
dióico	dioico
dionéia	dioneia
diplóico	diploico
diplóide	diploide
dipnóico	dipnoico
discóide	discoide
dismenorréia	dismenorreia
dismenorréico	dismenorreico
dispnéia	dispneia
dispnéico	dispneico
dolicóide	dolicoide
dorotéia	doroteia
dragéia	drageia
dragontéia	dragonteia
dulcinéia	dulcineia
ecoeficiência	ecoeficiência
ecóico	ecoico
ecotaxa	ecotaxa
edeoblenorréia	edeoblenorreia
edrioasteróides	edrioasteroides
egéia	egeia
elefantóide	elefantoide
eletroóptica, electroóptica	eletro-óptica, electro-óptica
eletroóptico, electroóptico	eletro-óptico, electro-óptico
elipsóide	elipsoide
elitróide	elitroide
elitrorréia	elitrorreia
eloqüência	eloquência
eloqüente	eloquente
embrióide	embrioide
encefalóide	encefaloide
endorréico	endorreico
enjôo	enjoo
ensangüentado	ensanguentado
ensangüentar	ensanguentar
enterozóico	enterozoico
enxadréia	enxadreia
enzóico	enzoico
eôo	eoo
Eozóico	Eozoico
epiciclóide	epicicloide
epicuréia	epicureia
epidermóide	epidermoide
epigéico	epigeico
epileptóide	epileptoide
epiplóico	epiploico
epiquéia	epiqueia
epitelióide	epitelioide
epizóico	epizoico
epopéia	epopeia
epopéico	epopeico
equícola, eqüícola	equícola
equidade, eqüidade	equidade
equídeo, eqüídeo	equídeo
equífero, eqüífero	equífero
equilátero, eqüilátero	equilátero
equino, eqüino	equino
equinóide	equinoide
Equinóides	Equinoides
equióide	equioide
eqüestre	equestre
eqüevo	equevo
eqüiangular	equiangular
eqüiângulo	equiângulo
Eqüídeos	Equídeos
eqüidiferença	equidiferença
eqüidiferente	equidiferente
eqüidilatado	equidilatado
eqüidistância	equidistância
eqüidistante	equidistante
eqüidistar	equidistar
eqüigranular	equigranular
eqüilateral	equilateral
eqüimolecular	equimolecular
eqüimolecularidade	equimolecularidade
eqüimultíplice	equimultíplice
eqüimúltiplo	equimúltiplo
eqüipendência	equipendência
eqüipendente	equipendente
eqüipolência	equipolência
eqüipolente	equipolente
eqüiponderância	equiponderância
eqüiponderante	equiponderante
eqüiponderar	equiponderar
eqüipotencial	equipotencial
eqüiprobabilismo	equiprobabilismo
eqüissetácea	equissetácea
eqüisseto	equisseto
eqüíssimo	equíssimo
eqüissonância	equissonância
eqüissonante	equissonante
eqüíssono	equíssono
eqüitativo	equitativo
eqüivalve	equivalve
eritemóide	eritemoide
eritréia	eritreia
eritróide	eritroide
esborôo	esboroo
escafóide	escafoide
escarlatinóide	escarlatinoide
escorpióide	escorpioide
esfenóide	esfenoide
esferóide	esferoide
espermatorréia	espermatorreia
espermatorréico	espermatorreico
espermatozóide	espermatozoide
espiróide	espiroide
esplenóide	esplenoide
espongióide	espongioide
espuma-do-mar	espuma do mar
esquistóide	esquistoide
esquizóide	esquizoide
estaminóide	estaminoide
esteatorréia	esteatorreia
esteleróide	esteleroide
esteróide	esteroide
estilóide	estiloide
estóica	estoica
estóico	estoico
estréia	estreia
estróina	estroina
estrongilóide	estrongiloide
etanodióico	etanodioico
etanóico	etanoico
etmóide	etmoide
etnodicéia	etnodiceia
etopéia	etopeia
eubóico	euboico
eunucóide	eunucoide
euplóide	euploide
eupnéia	eupneia
eupnéico	eupneico
européia	europeia
exeqüência	exequência
exeqüendo	exequendo
exeqüente	exequente
exeqüibilidade	exequibilidade
exeqüível	exequível
exigüidade	exiguidade
exigüificar	exiguificar
exorréico	exorreico
extra-escolar	extraescolar
extra-estatutário	extraestatutário
extra-europeu	extraeuropeu
extra-ocular	extraocular
extra-oficial	extraoficial
extra-oficialmente	extraoficialmente
extra-orgânico	extraorgânico
extra-regimental	extrarregimental
extra-regulamentar	extrarregulamentar
extra-secular	extrassecular
extra-sensível	extrassensível
extra-sensorial	extrassensorial
extra-sensorialidade	extrassensorialidade
extra-sístole	extrassístole
extra-sistólico	extrassistólico
extra-urbano	extraurbano
extra-uterino	extrauterino
faca-de-mato	faca de mato
facanéia	facaneia
facóide	facoide
factóide	factoide
falaciloqüente	falaciloquente
falóide	faloide
Fanerozóico	Fanerozoico
farinha-de-pau	farinha de pau
fariséia	fariseia
farmacopéia	farmacopeia
fascistóide	fascistoide
fato-de-banho	fato de banho
fato-de-macaco	fato de macaco
fato-de-saia-e-casaco	fato de saia e casaco
fato-de-treino	fato de treino
febre-de-malta	febre de Malta
febre-dos-fenos	febre dos fenos
febre-dos-três-dias	febre dos três dias
fecalóide	fecaloide
feculóide	feculoide
feiúra	feiura
feldspatóide	feldspatoide
ferro-de-engomar	ferro de engomar
ferro-de-romã	ferro de romã
ferropeia, ferropéia	ferropeia
fezes-de-ouro	fezes de ouro
fibróide	fibroide
ficóide	ficoide
filho-da-terra	filho da terra
filho-de-parida	filho de parida
filistéia	filisteia
filóide	filoide
filotraquéia	filotraqueia
fim-de-semana	fim de semana
fimatóide	fimatoide
fio-de-prumo	fio de prumo
fios-de-ovos	fios de ovos
fiscal-de-linha	fiscal de linha
fisóide	fisoide
fitóide	fitoide
flavonóide	flavonoide
flictenóide	flictenoide
flor-de-enxofre	flor de enxofre
focinho-de-tenca	focinho de tenca
fogo-de-artifício	fogo de artifício
fogo-de-bengala	fogo de Bengala
fogo-de-santelmo	fogo de Santelmo
fogo-de-santo-antão	fogo de Santo Antão
fogo-de-vista	fogo de vista
fogo-do-ar	fogo do ar
fóia	foia
fóide	foide
fóio	foio
folha-de-flandres	folha de Flandres
folhos-de-sinhá	folhos de sinhá
fora-da-lei	fora da lei
fora-de-jogo	fora de jogo
fradinho-da-mão-furada	fradinho da mão furada
fradinho-de-mão-furada	fradinho de mão furada
frente-a-frente	frente a frente
freqüência	frequência
freqüencímetro	frequencímetro
freqüentação	frequentação
freqüentador	frequentador
freqüentar	frequentar
freqüentativo	frequentativo
freqüentativo	frequentativo
freqüente	frequente
frutos-do-mar	frutos do mar
fucóide	fucoide
fula-de-gabu	fula de Gabu
funarióide	funarioide
furcróia	furcroia
fusóide	fusoide
gabróico	gabroico
gadóide	gadoide
gaibéia	gaibeia
gaita-de-beiços	gaita de beiços
gaita-de-foles	gaita de foles
gaiúta	gaiuta
galactóide	galactoide
galactorréia	galactorreia
galactorréico	galactorreico
galiléia	galileia
gamozóide	gamozoide
ganóide	ganoide
gás-dos-pântanos	gás dos pântanos
gaspóia	gaspoia
gastrepiplóico	gastrepiploico
gastroepiplóico	gastroepiploico
gastrorréia	gastrorreia
gastrorréico	gastrorreico
gastrozóide	gastrozoide
geléia	geleia
geográfico-lingüístico	geográfico-linguístico
geóide	geoide
gesso-de-paris	gesso de Paris
gigantéia	giganteia
glenóide	glenoide
gliptoprotéico	gliptoproteico
glossóide	glossoide
glucocorticóide	glucocorticoide
gogóia	gogoia
gonorréia	gonorreia
gonorréico	gonorreico
gonozóide	gonozoide
grafióide	grafioide
graforréia	graforreia
graforréico	graforreico
gragéia	grageia
grajéia	grajeia
grandiloqüência	grandiloquência
grandiloqüente	grandiloquente
granitóide	granitoide
granjéia	granjeia
grapsóide	grapsoide
gratéia	grateia
grecóide	grecoide
gróia	groia
grosso-de-nápoles	grosso de Nápoles
grupóide	grupoide
guarda-de-corpo	guarda de corpo
guarda-jóias	guarda-joias
guinéia	guineia
hacanéia	hacaneia
halóide	haloide
haplóide	haploide
hebréia	hebreia
helicóide	helicoide
helmintóide	helmintoide
hematóide	hematoide
hemisferóide	hemisferoide
hemitritéia	hemitriteia
hemóide	hemoide
hemoptóico	hemoptoico
hemorróida	hemorroida
hemorróide	hemorroide
hemorróides	hemorroides
hepatorréico	hepatorreico
heróico	heroico
heróide	heroide
heteróide	heteroide
hialóide	hialoide
hidatóide	hidatoide
hidróide	hidroide
hidrorréia	hidrorreia
hidrorréico	hidrorreico
hilozóico	hilozoico
himenóide	himenoide
hióide	hioide
hiperbolóide	hiperboloide
hipermenorréia	hipermenorreia
hipnóide	hipnoide
hipociclóide	hipocicloide
hipogéico	hipogeico
hipozóico	hipozoico
histerorréico	histerorreico
holoturióide	holoturioide
holozóico	holozoico
homalóide	homaloide
homeozóico	homeozoico
homóide	homoide
humanóide	humanoide
icteróide	icteroide
ictióide	ictioide
idéia	ideia
idolopéia	idolopeia
ilíquido, ilíqüido	ilíquido
inconseqüência	inconsequência
inconseqüente	inconsequente
incréia	increia
ineqüiângulo	inequiângulo
ineqüilateral	inequilateral
ineqüilátero	inequilátero
ineqüípede	inequípede
ineqüitativo	inequitativo
ineqüivalve	inequivalve
ineqüivocado	inequivocado
inexeqüibilidade	inexequibilidade
inexeqüível	inexequível
infanto-juvenil	infantojuvenil
infoalfabetização	infoalfabetização
infoexcluído	infoexcluído
infoexclusão	infoexclusão
infra-escapular	infraescapular
infra-escrito	infraescrito
infra-estrutura	infraestrutura
infra-estruturação	infraestruturação
infra-estruturado	infraestruturado
infra-estrutural	infraestrutural
infra-oitava	infraoitava
infra-orbitário	infraorbitário
infra-renal	infrarrenal
infra-som	infrassom
infraescavação	infraescavação
infreqüência	infrequência
infreqüentado	infrequentado
infreqüente	infrequente
iniqüidade	iniquidade
intra-específico	intraespecífico
intra-ocular	intraocular
intra-orgânico	intraorgânico
intra-ósseo	intraósseo
intra-raquidiano	intrarraquidiano
intra-secular	intrassecular
intra-sinovial	intrassinovial
intra-uterino	intrauterino
intranqüilidade	intranquilidade
intranqüilizador	intranquilizador
intranqüilo	intranquilo
intróito	introito
ipoméia	ipomeia
ipsilóide	ipsiloide
isocolóide	isocoloide
jabutibóia	jabutiboia
jacobéia	jacobeia
jaquiranabóia	jaquiranaboia
jardim-de-infância	jardim de infância
jaspóide	jaspoide
jequitiranabóia	jequitiranaboia
jibóia	jiboia
jitiranabóia	jitiranaboia
jóia	joia
jóina	joina
jubéia	jubeia
juiz-de-campo	juiz de campo
juiz-de-linha	juiz de linha
juruparibóia	jurupariboia
lambdóide	lambdoide
lambisgóia	lambisgoia
lânguido, lângüido	lânguido
leite-de-cal	leite de cal
lepidóide	lepidoide
lepóide	lepoide
leréia	lereia
leucorréia	leucorreia
leucorréico	leucorreico
librorréico	librorreico
limpa-pára-brisa	limpa-para-brisa
limpa-pára-brisas	limpa-para-brisas
linfóide	linfoide
língua-de-gato	língua de gato
língua-de-sogra	língua de sogra
língua-de-trapos	língua de trapos
língua-de-veado	língua de veado
línguas-de-gato	línguas de gato
lingüiça	linguiça
lingüicida	linguicida
lingüicídio	linguicídio
lingüiforme	linguiforme
lingüista	linguista
linha-de-água	linha de água
linoléico	linoleico
lipóide	lipoide
liquefacção, liquefação, liqüefacção, liqüefação	liquefação, liquefacção
liquefativo, liquefactivo, liqüefativo, liqüefactivo	liquefativo, liquefactivo
liquefato, liquefacto, liqüefato, liqüefacto	liquefacto, liquefato
liquefator, liquefactor, liqüefator, liqüefactor	liquefator, liquefactor
liquefeito, liqüefeito	liquefeito
liqueficável, liqüeficável	liqueficável
liquenóide	liquenoide
liquidação, liqüidação	liquidação
liquidado, liqüidado	liquidado
liquidador, liqüidador	liquidador
liquidâmbar, liqüidâmbar	liquidâmbar
liquidatário, liqüidatário	liquidatário
liquidável, liqüidável	liquidável
liquidez, liqüidez	liquidez
liquidificação, liqüidificação	liquidificação
liquidificador, liqüidificador	liquidificador
liquidificante, liqüidificante	liquidificante
liquidificável, liqüidificável	liquidificável
líquido, líqüido	líquido
liqüefazer	liquefazer
liqüescente	liquescente
liqüescer	liquescer
liqüidando	liquidando
liqüidar	liquidar
liqüidificar	liquidificar
lirióide	lirioide
litóide	litoide
logorréia	logorreia
logorréico	logorreico
lóio	loio
lóio-de-jardim	loio-de-jardim
lóio-do-jardim	loio-do-jardim
lombricóide	lombricoide
longinqüidade	longinquidade
loquiorréico	loquiorreico
loqüela	loquela
lua-de-mel	lua de mel
lumbricóide	lumbricoide
mabéia	mabeia
mabóia	maboia
maçã-de-adão	maçã de Adão
macozóide	macozoide
macro-jê	macrojê
macro-tupi	macrotupi
macropinacóide	macropinacoide
macropnéico	macropneico
mãe-de-aluguer	mãe de aluguer
mãe-de-santo	mãe de santo
magnetóide	magnetoide
maléico	maleico
manangüera	mananguera
mandigüera	mandiguera
manga-de-alpaca	manga de alpaca
manga-de-eixo	manga de eixo
maniqüera	maniquera
mão-de-barca	mão de barca
mão-de-judas	mão de Judas
mão-de-obra	mão de obra
maoísmo	maoismo
maoísta	maoista
marca-de-judas	marca de Judas
marco-de-colónia	marco de Colônia
maria-da-fonte	maria da fonte
maria-das-pernas-compridas	maria das pernas compridas
marido-de-bolas	marido de bolas
marmita-de-gigante	marmita de gigante
mastóide	mastoide
meadinha-de-ouro	meadinha de ouro
medorréia	medorreia
medusóide	medusoide
meia-de-leite	meia de leite
melopéia	melopeia
melopéico	melopeico
menina-de-cinco-olhos	menina de cinco olhos
menina-do-olho	menina do olho
meniscóide	meniscoide
menorréia	menorreia
menorréico	menorreico
merozóito	merozoito
mesa-de-cabeceira	mesa de cabeceira
mesinha-de-cabeceira	mesinha de cabeceira
mesogléia	mesogleia
Mesozóico	Mesozoico
mestre-de-armas	mestre de armas
mestre-de-cerimônias	mestre de cerimônias
mestre-de-obras	mestre de obras
metalóide	metaloide
metanóia	metanoia
metazóico	metazoico
meteoróide	meteoroide
metrorréia	metrorreia
metrorréico	metrorreico
micetóide	micetoide
microorganismo	micro-organismo
mielóide	mieloide
mineralóide	mineraloide
mini-autocarro	miniautocarro
minissérie	minissérie
minissubmarino	minissubmarino
minivestido	minivestido
minóico	minoico
mióide	mioide
mirtóide	mirtoide
misonéico	misoneico
mixóide	mixoide
moço-de-forcado	moço de forcado
móia	moia
molibdóide	molibdoide
molóide	moloide
moluscóide	moluscoide
mongolóide	mongoloide
monóico	monoico
monóide	monoide
monotéico	monoteico
monozóico	monozoico
monte-de-vénus	monte de Vénus
montéia	monteia
moréia	moreia
morféia	morfeia
morféico	morfeico
morte-em-pé	morte em pé
moscas-de-milão	moscas de Milão
mucóide	mucoide
mucuiúba	mucuiuba
muirajibóia	muirajiboia
muiúna	muiuna
mujangüê	mujanguê
mulher-a-dias	mulher a dias
multilíngüe	multilíngue
multilingüismo	multilinguismo
muscóide	muscoide
nancéico	nanceico
napéia	napeia
narcisóide	narcisoide
nariz-de-cera	nariz de cera
nautilóide	nautiloide
nectozóide	nectozoide
nefelóide	nefeloide
nefróide	nefroide
negro-de-fumo	negro de fumo
negróide	negroide
nematóide	nematoide
neo-árico	neoárico
neo-ático	neoático
neo-escolástica	neoescolástica
neo-escolástico	neoescolástico
neo-eslavismo	neoeslavismo
neo-estoicismo	neoestoicismo
neo-estóico	neoestoico
neo-expressionista	neoexpressionista
neo-idealismo	neoidealismo
neo-impressionismo	neoimpressionismo
neo-impressionista	neoimpressionista
neo-realismo	neorrealismo
neo-realista	neorrealista
neo-republicanismo	neorrepublicanismo
neo-republicano	neorepublicano
neo-romântica	neorromântica
neo-romântico	neorromântico
neo-romantismo	neorromantismo
neo-socialismo	neossocialismo
Neozóico	Neozoico
neurolingüista	neurolinguista
neurolingüística	neurolinguística
neurolingüístico	neurolinguístico
ninféia	ninfeia
ninfóide	ninfoide
nó-de-adão	nó de Adão
nóia	noia
nucleico, nucléico	nucleico
nucleóide	nucleoide
obliqüidade	obliquidade
obovóide	obovoide
obseqüente	obsequente
oco-do-coração	oco do coração
odisséia	odisseia
odisséico	odisseico
odontóide	odontoide
oficial-às-ordens	oficial às ordens
ofióide	ofioide
oitavos-de-final	oitavos de final
oléico	oleico
olho-de-mosquito	olho de mosquito
olho-de-sogra	olho de sogra
olho-de-tigre	olho de tigre
omnilíngue, omnilíngüe, onilingue, onilíngüe	omnilingue, onilingue
omóide	omoide
onomatopéia	onomatopeia
onomatopéico	onomatopeico
orelhas-de-abade	orelhas de abade
orféico	orfeico
organóide	organoide
orizóide	orizoide
ornitóide	ornitoide
ortopinacóide	ortopinacoide
ortopnéia	ortopneia
ortopnóico	ortopnoico
osteoganóide	osteoganoide
osteóide	osteoide
otopiorréico	otopiorreico
otorréia	otorreia
otorréico	otorreico
ovóide	ovoide
pai-de-meninos	pai de meninos
pai-de-santo	pai de santo
pai-de-todos	pai de todos
pai-de-velhacos	pai de velhacos
paleozóico	paleozoico
palha-de-abade	palha de abade
palóio	paloio
palpos-de-aranha	palpos de aranha
panacéia	panaceia
pangéia	Pangeia
pão-de-açúcar	pão de açúcar
pão-de-ló	pão de ló
pão-por-Deus	pão por Deus
papo-de-anjo	papo de anjo
papo-de-rola	papo de rola
pára-água	para-água
pára-águas	para-águas
pára-brisa	para-brisa
pára-brisas	para-brisas
pára-choque	para-choque
pára-chuva	para-chuva
pára-fogo	para-fogo
pára-lama	para-lama
pára-lamas	para-lamas
pára-luz	para-luz
pára-quedas	para-quedas
pára-quedismo	para-quedismo
pára-quedista	para-quedista
pára-raios	para-raios
pára-sol	para-sol
pára-vento	para-vento
parabolóide	paraboloide
paranéia	paraneia
paranéico	paraneico
paranóia	paranoia
paranóica	paranoica
paranóico	paranoico
paranóide	paranoide
parasitóide	parasitoide
paratifóide	paratifoide
paratireóide	paratireoide
paratiróide	paratiroide
parvóide	parvoide
passarinho-a-olhar	passarinho a olhar
patetóide	patetoide
patuléia	patuleia
pau-a-pique	pau a pique
pau-de-cabeleira	pau de cabeleira
pau-de-fileira	pau de fileira
pau-do-ar	pau do ar
paz-de-alma	paz de alma
pé-de-alferes	pé de alferes
pé-de-altar	pé de altar
pé-de-amigo	pé de amigo
pé-de-atleta	pé de atleta
pé-de-banco	pé de banco
pé-de-boi	pé de boi
pé-de-cabra	pé de cabra
pé-de-cana	pé de cana
pé-de-candeeiro	pé de candeeiro
pé-de-cantiga	pé de cantiga
pé-de-cavalo	pé de cavalo
pé-de-chumbo	pé de chumbo
pé-de-dança	pé de dança
pé-de-moleque	pé de moleque
pé-de-pato	pé de pato
pé-de-vento	pé de vento
pedaço-de-asno	pedaço de asno
pedra-da-lua	pedra da lua
pedra-das-amazonas	pedra das amazonas
pedra-de-afiar	pedra de afiar
pedra-de-águia	pedra de águia
pedra-de-amolar	pedra de amolar
pedra-de-cevar	pedra de cevar
pedra-de-raio	pedra de raio
pedra-de-sangue	pedra de sangue
pedra-de-toque	pedra de toque
pedra-do-ar	pedra do ar
pedra-do-sol	pedra do sol
pedrinha-na-boca	pedrinha na boca
pegamóide	pegamoide
pegmatitóide	pegmatitoide
pegmatóide	pegmatoide
peito-de-canga	peito de canga
peito-de-morte	peito de morte
péla	pela
pele-de-vinho	pele de vinho
pêlo	pelo
penfigóide	penfigoide
péra	pera
pêra	pera
pêra-da-terra	pera-da-terra
pêra-de-arrátel	pera-de-arrátel
pêra-de-bom-cristão	pera-de-bom-cristão
percóide	percoide
pergamóide	pergamoide
perna-de-serra	perna de serra
pêro	pero
pés-de-lebre	pés de lebre
petalóide	petaloide
pezizóide	pezizoide
piano-dos-pretos	piano dos pretos
pião-das-nicas	pião das nicas
pigméia	pigmeia
pilóia	piloia
pimelorréico	pimelorreico
pinacóide	pinacoide
pingo-de-tocha	pingo de tocha
pingos-de-ovos	pingos de ovos
pingüim	pinguim
pinho-de-flandres	pinho de Flandres
pinóia	pinoia
pinóio	pinoio
piolho-de-cobra	piolho de cobra
piorréia	piorreia
piorréico	piorreico
piraqüera	piraquera
pirenóide	pirenoide
piritóide	piritoide
piróide	piroide
pirréico	pirreico
pitecantropóide	pitecantropoide
pitecóide	pitecoide
pitimbóia	pitimboia
placóide	placoide
planetóide	planetoide
platéia	plateia
platinóide	platinoide
plebéia	plebeia
pleocróico	pleocroico
pleurorréia	pleurorreia
pó-de-arroz	pó de arroz
pó-de-chipre	pó de Chipre
pó-de-goa	pó de goa
pó-de-sapato	pó de sapato
pó-de-talco	pó de talco
polaróide	polaroide
poliantéia	polianteia
policróico	policroico
poliplóide	poliploide
polipnéia	polipneia
polipnéico	polipneico
polipnóico	polipnoico
polipóide	polipoide
politéico	politeico
politicóide	politicoide
polizóico	polizoico
pomo-de-adão	pomo de Adão
ponta-de-lança	ponta de lança
pôr-do-sol	pôr do sol
porfiróide	porfiroide
porta-da-rua	porta da rua
porta-jóias	porta-joias
potéia	poteia
potréia	potreia
pré-estréia	pré-estreia
príncipe-de-gales	príncipe de Gales
prismatóide	prismatoide
prismóide	prismoide
proctorréico	proctorreico
prometéico	prometeico
propanóico	propanoico
propenóico	propenoico
propinqüidade	propinquidade
prosopopéia	prosopopeia
prosopopéico	prosopopeico
prostatorréico	prostatorreico
protéico	proteico
Proterozóico	Proterozoico
proto-alveitar	protoalveitar
proto-ária	protoária
proto-árico	protoárico
proto-estrela	protoestrela
proto-evangelho	protoevangelho
proto-renascimento	protorrenascimento
proto-revolução	protorrevolução
proto-revolucionário	protorrevolucionário
proto-romântico	protorromântico
proto-romantismo	protorromantismo
proto-romboedro	protorromboedro
proto-sincelo	protossincelo
proto-sol	protossol
proto-solar	protossolar
proto-sulfureto	protossulfureto
protozóide	protozoide
prozóico	prozoico
pseudo-anemia	pseudoanemia
pseudo-anônimo	pseudoanônimo
pseudo-apatite	pseudoapatite
pseudo-apendicite	pseudoapendicite
pseudo-apóstolo	pseudoapóstolo
pseudo-arcaísmo	pseudoarcaísmo
pseudo-aticismo	pseudoaticismo
pseudo-ático	pseudoático
pseudo-eólico	pseudoeólico
pseudo-eolismo	pseudoeolismo
pseudo-escorpião	pseudoescorpião
pseudo-escorpionídeo	pseudoescorpionídeo
pseudo-esteatite	pseudoesteatite
pseudo-etimologia	pseudoetimologia
pseudo-etimológico	pseudoetimológico
pseudo-eufêmico	pseudoeufêmico
pseudo-eufemismo	pseudoeufemismo
pseudo-evangelista	pseudoevangelista
pseudo-iônico	pseudoiônico
pseudo-ionismo	pseudoionismo
pseudo-revelação	pseudorrevelação
pseudo-sábio	pseudossábio
pseudo-sínodo	pseudossínodo
psicolingüista	psicolinguista
psicolingüística	psicolinguística
psicolingüístico	psicolinguístico
pterigóide	pterigoide
pteróide	pteroide
quapóia	quapoia
quarto-de-final	quarto de final
quartos-de-final	quartos de final
queijinho-do-céu	queijinho do céu
quelóide	queloide
quinoleico	quinoleico
qüeba	queba
qüera	quera
qüercíneo	quercíneo
qüerqüerno	querquerno
qüerqüetulano	querquetulano
qüiba	quiba
qüididade	quididade
qüididativo	quididativo
qüindecágono	quindecágono
qüindênio	quindênio
qüingentaria	quingentaria
qüingentésimo	quingentésimo
qüinquagenário	quinquagenário
qüinquagésima	quinquagésima
qüinquagésimo	quinquagésimo
qüinqüeangular	quinqueangular
qüinqüecapsular	quinquecapsular
qüinqüedentado	quinquedentado
qüinqüedentado	quinquedentado
qüinqüedigitado	quinquedigitado
qüinqüefido	quinquefido
qüinqüefoliado	quinquefoliado
qüinqüefólio	quinquefólio
qüinqüegenciano	quinquegenciano
qüinqüelíngüe	quinquelíngue
qüinqüelobado	quinquelobado
qüinqüenal	quinquenal
qüinqüenalidade	quinquenalidade
qüinqüenervado	quinquenervado
qüinqüênio	quinquênio
qüinqüerreme	quinquerreme
qüinqüevalente	quinquevalente
qüinqüevalve	quinquevalve
qüinqüevalvular	quinquevalvular
qüinqüevirado	quinquevirado
qüinqüeviral	quinqueviral
qüinqüevirato	quinquevirato
qüinqüéviro	quinquéviro
qüinqüídio	quinquídio
qüinqüíduo	quinquíduo
qüintimetatársico	quintimetatársico
qüintuplinérveo	quintuplinérveo
rabditóide	rabditoide
rabdóide	rabdoide
rabo-de-andorinha	rabo de andorinha
rabo-de-arraia	rabo de arraia
rabo-de-leque	rabo de leque
rabo-de-saia	rabo de saia
rabo-de-tatu	rabo de tatu
ragóide	ragoide
rambóia	ramboia
ranfóide	ranfoide
rebôo	reboo
redargüente	redarguente
redargüição	redarguição
redargüidor	redarguidor
redargüir	redarguir
redargüitivo	redarguitivo
réida	reida
relinqüição	relinquição
relinqüimento	relinquimento
relinqüir	relinquir
relógio-de-ponto	relógio de ponto
rés-do-chão	rés do chão
resina-de-jalapa	resina de jalapa
resinóide	resinoide
retinóide	retinoide
reto-românico	retorromânico
reumatóide	reumatoide
revôo	revoo
ribonucleico, ribonucléico	ribonucleico
rinorréia	rinorreia
rinorréico	rinorreico
ritmopéia	ritmopeia
ritmopéico	ritmopeico
rizóide	rizoide
rombóide	romboide
rosa-de-oiro	rosa de oiro
rosa-de-ouro	rosa de ouro
rosa-dos-ventos	rosa dos ventos
roupa-de-franceses	roupa de franceses
sabóia	saboia
saca-de-carvão	saca de carvão
sacaróide	sacaroide
sacarorréico	sacarorreico
saco-de-areia	saco de areia
saducéia	saduceia
sagüi	sagui
sagüim	saguim
sagüiru	saguiru
saída-de-banho	saída de banho
saída-de-praia	saída de praia
sal-de-azedas	sal de azedas
sal-de-epsom	sal de Epsom
sal-de-glauber	sal de Glauber
sal-de-júpiter	sal de Júpiter
sal-de-saturno	sal de Saturno
sal-de-seldlitz	sal de Seldlitz
sal-de-vichy	sal de Vichy
sanguento, sangüento	sanguento
sanguinária, sangüinária	sanguinária
sanguinário, sangüinário	sanguinário
sanguínea, sangüínea	sanguínea
sanguíneo, sangüíneo	sanguíneo
sanguinidade, sangüinidade	sanguinidade
sanguinoso, sangüinoso	sanguinoso
sangüícola	sanguícola
sangüinarina	sanguinarina
sangüinolária	sanguinolária
saprozóico	saprozoico
sarcóide	sarcoide
sarcopióide	sarcopioide
sarigüé	sarigué
sarigüéia	sarigueia
seborréia	seborreia
seborréico	seborreico
secantóide	secantoide
selenóide	selenoide
semi-esferóide	semiesferoide
semi-esferóide	semiesferoide
semi-racional	semirracional
semi-radiado	semirradiado
semi-real	semirreal
semi-reboque	semirreboque
semi-rei	semirrei
semi-religioso	semirreligioso
semi-rígido	semirrígido
semi-romano	semirromano
semi-roto	semirroto
semi-sábio	semissábio
semi-sagitado	semissagitado
semi-secular	semissecular
semi-sedentário	semissedentário
semi-segredo	semissegredo
semi-selvagem	semisselvagem
semi-septenário	semisseptenário
semi-sepulto	semissepulto
semi-silvestre	semissilvestre
semi-soberania	semissoberania
semi-soberano	semissoberano
semi-som	semissom
semi-soma	semissoma
semi-sonora	semissonora
semi-sonoro	semissonoro
senóide	senoide
sentimentalóide	sentimentaloide
sepalóide	sepaloide
sequóia	sequoia
seqüela	sequela
seqüência	sequência
seqüenciação	sequenciação
seqüencial	sequencial
seqüenciar	sequenciar
seqüente	sequente
seqüestração	sequestração
seqüestrador	sequestrador
seqüestrar	sequestrar
seqüestrável	sequestrável
seqüestre	sequestre
seqüestro	sequestro
sericóia	sericoia
sesamóide	sesamoide
sialorréia	sialorreia
sialorréico	sialorreico
sifilóide	sifiloide
sifonóide	sifonoide
sigmóide	sigmoide
siliqüiforme	siliquiforme
siluróide	siluroide
sinóico	sinoico
sintoxóide	sintoxoide
sinusóide	sinusoide
sobre-endividamento	sobre-endividamento
sobreelevar	sobre-elevar
sobreeminência	sobre-eminência
sobreeminente	sobre-eminente
sobreemissão	sobre-emissão
sobreendividar	sobre-endividar
sobreerguer	sobre-erguer
sobreerrogação	sobre-errogação
sobreexaltação	sobre-exaltação
sobreexaltar	sobre-exaltar
sobreexcedente	sobre-excedente
sobreexceder	sobre-exceder
sobreexcelência	sobre-excelência
sobreexcelente	sobre-excelente
sobreexcitação	sobre-excitação
sobreexcitado	sobre-excitado
sobreexcitante	sobre-excitante
sobreexcitar	sobre-excitar
sobreexploração	sobre-exploração
sobreexpor	sobre-expor
sobreexposição	sobre-exposição
sobrevôo	sobrevoo
sociolingüista	sociolinguista
sociolingüística	sociolinguística
sociolingüístico	sociolinguístico
sóia	soia
sol-de-gata	sol de gata
solenóide	solenoide
sopa-de-urso	sopa de urso
sopinha-de-massa	sopinha de massa
sotéia	soteia
suaviloqüente	suaviloquente
subáqüeo	subáqueo
subaracnóide	subaracnoide
subeqüilateral	subequilateral
subseqüência	subsequência
subseqüente	subsequente
subungüiculado	subunguiculado
sulfonaftaléico	sulfonaftaleico
sulfuróide	sulfuroide
supra-escapular	supraescapular
supra-esternal	supraesternal
supra-estrutura	supraestrutura
supra-excitar	supraexcitar
supra-occipital	supraoccipital
supra-ocular	supraocular
supra-orbital	supraorbital
supra-orbitário	supraorbitário
supra-racial	suprarracial
supra-racional	suprarracional
supra-regional	suprarregional
supra-renal	suprarrenal
supra-renalite	suprarrenalite
supra-sensibilidade	suprassensibilidade
supra-sensível	suprassensível
supra-sumo	suprassumo
suspensóide	suspensoide
tablóide	tabloide
taiúva	taiuva
talagóia	talagoia
tangentóide	tangentoide
taoísmo	taoismo
taoísta	taoista
taquipnéia	taquipneia
taquipnéico	taquipneico
tenióide	tenioide
tênis-de-mesa	tênis de mesa
teodicéia	teodiceia
tepalóide	tepaloide
termocróico	termocroico
terra-a-terra	terra a terra
terra-de-ninguém	terra de ninguém
terra-de-sevilha	terra de Sevilha
terra-de-siena	terra de Siena
testa-de-ferro	testa de ferro
testa-de-ponte	testa de ponte
tetéia	teteia
teteqüera	tetequera
tetraplóide	tetraploide
tifóide	tifoide
tigróide	tigroide
tigüera	tiguera
tilacóide	tilacoide
timeléia	timeleia
tinta-da-china	tinta da China
tipóia	tipoia
tireóide	tireoide
tireoidéia	tireoideia
tiro-de-guerra	tiro de guerra
tiróide	tiroide
tirsóide	tirsoide
tóino	toino
tordéia	tordeia
torrão-de-alicante	torrão de Alicante
toucinho-do-céu	toucinho do céu
tourão-do-mato	tourão-do-mato
toxicóide	toxicoide
toxóide	toxoide
tracóide	tracoide
trairambóia	trairamboia
tramóia	tramoia
tranqüilamente	tranquilamente
tranqüilidade	tranquilidade
tranqüilização	tranquilização
tranqüilizador	tranquilizador
tranqüilizante	tranquilizante
tranqüilizar	tranquilizar
tranqüilo	tranquilo
trapezóide	trapezoide
traquéia	traqueia
traquéia-artéria	traqueia-artéria
traquéico	traqueico
traqueóide	traqueoide
traquitóide	traquitoide
traumatopnéico	traumatopneico
tricinqüentenário	tricinquentenário
tricóide	tricoide
tricróico	tricroico
trióico	trioico
triplóide	triploide
trocóide	trocoide
tróia	troia
tróica	troica
tróico	troico
troixa-de-ovos	troixa de ovos
tromba-de-boi	tromba de boi
trombóide	tromboide
trouxa-de-ovos	trouxa de ovos
tuberculóide	tuberculoide
tuberóide	tuberoide
tucanabóia	tucanaboia
tuiúca	tuiuca
turbinosfenóide	turbinosfenoide
turbinosfenóideo	turbinosfenoideo
uarurembóia	uaruremboia
ubiqüidade	ubiquidade
ubiqüismo	ubiquismo
ubiqüista	ubiquista
ubiqüitário	ubiquitário
ubiqüitarismo	ubiquitarismo
ulceróide	ulceroide
ulcóide	ulcoide
ultra-esdrúxulo	ultraesdrúxulo
ultra-etimológico	ultraetimológico
ultra-existência	ultraexistência
ultra-existente	ultraexistente
ultra-infernal	ultrainfernal
ultra-oceânico	ultraoceânico
ultra-ortodoxo	ultraortodoxo
ultra-radical	ultrarradical
ultra-rápido	ultrarrápido
ultra-reação	ultrarreação
ultra-reacionária	ultrarreacionária
ultra-reacionário	ultrarreacionário
ultra-realismo	ultrarrealismo
ultra-realista	ultrarrealista
ultra-revolucionária	ultrarrevolucionária
ultra-revolucionário	ultrarrevolucionário
ultra-rigoroso	ultrarrigoroso
ultra-romântica	ultrarromântica
ultra-romântico	ultrarromântico
ultra-romantismo	ultrarromantismo
ultra-romantizar	ultrarromantizar
ultra-roxo	ultrarroxo
ultra-secreto	ultrassecreto
ultra-secular	ultrassecular
ultra-sensível	ultrassensível
ultra-sofisticado	ultrassofisticado
ultra-solar	ultrassolar
ultra-som	ultrassom
ultra-sônico	ultrassônico
ultra-sonografia	ultrassonografia
ultra-sonográfico	ultrassonográfico
ultra-sonógrafo	ultrassonógrafo
ultra-sonoro	ultrassonoro
ultraterreno	ultraterreno
umbigo-de-freira	umbigo de freira
ungui, ungüi	ungui
ungüentáceo	unguentáceo
ungüentar	unguentar
ungüentário	unguentário
ungüento	unguento
ungüiculado	unguiculado
ungüífero	unguífero
ungüiforme	unguiforme
ungüinoso	unguinoso
unha-de-fome	unha de fome
unhas-de-fome	unhas de fome
uréia	ureia
uréico	ureico
uretrorréia	uretrorreia
uretrorréico	uretrorreico
uretrotrombóide	uretrotromboide
urobenzóico	urobenzoico
uróide	uroide
urorréia	urorreia
urorréico	urorreico
vacinóide	vacinoide
vaniloqüência	vaniloquência
vaniloqüente	vaniloquente
varicelóide	variceloide
variolóide	varioloide
vedóia	vedoia
verbo-de-encher	verbo de encher
verborréia	verborreia
verborréico	verborreico
vidro-de-cheiro	vidro de cheiro
vinho-de-caju	vinho de caju
vinho-de-cheiro	vinho de cheiro
vinho-de-maçã	vinho de maçã
vinho-de-maçãs	vinho de maçãs
vinho-de-palma	vinho de palma
vinte-e-quatro-horas	vinte e quatro horas
vintém-de-santo-antônio	vintém de Santo Antônio
viola-da-terra	viola da terra
viola-de-amor	viola de amor
viola-de-arame	viola de arame
volta-no-meio	volta no meio
vôo	voo
xantoprotéico	xantoproteico
xantorréico	xantorreico
xifóide	xifoide
xilóide	xiloide
xistóide	xistoide
zé-da-véstia	zé da véstia
zé-dos-anzóis	zé dos anzois
zebróide	zebroide
zéida	zeida
zoéia	zoeia
zóico	zoico
zóide	zoide
zôo	zoo
zoofitóide	zoofitoide
zoogléia	zoogleia
zoóide	zooide